[
  {
    "session_id": "IVR-20250306-43814",
    "customer_id": "CUST_804686",
    "call_start_time": "2024-03-15T19:44:24",
    "call_end_time": "2024-03-15T19:54:35",
    "call_duration_sec": 611,
    "conversation": [
      {
        "turn_number": 1,
        "timestamp": "2025-03-06T03:16:25.491536Z",
        "speaker": "Chatbot",
        "text": "Hello! Welcome to Spectrum customer service. How may I assist you today?",
        "intent_detected": null
      },
      {
        "turn_number": 2,
        "timestamp": "2025-03-06T03:16:45.491536Z",
        "speaker": "Customer",
        "text": "Hi there! I'd like to update my account information, please.",
        "intent_detected": {
          "intent_name": "Payment Arrangement",
          "confidence_score": 0.7556057901586368
        }
      },
      {
        "turn_number": 3,
        "timestamp": "2025-03-06T03:17:05.491536Z",
        "speaker": "Chatbot",
        "text": "Of course! I can help you with that. Could you please let me know what specific information you need to update?",
        "intent_detected": null
      },
      {
        "turn_number": 4,
        "timestamp": "2025-03-06T03:17:25.491536Z",
        "speaker": "Customer",
        "text": "I need to update my email address and phone number on file.",
        "intent_detected": {
          "intent_name": "Technical Issue",
          "confidence_score": 0.7672573815592347
        }
      },
      {
        "turn_number": 5,
        "timestamp": "2025-03-06T03:17:34.491536Z",
        "speaker": "Chatbot",
        "text": "Absolutely! Let's start with your email address. Could you please provide the new email address you'd like to use?",
        "intent_detected": null
      },
      {
        "turn_number": 6,
        "timestamp": "2025-03-06T03:17:51.491536Z",
        "speaker": "Customer",
        "text": "Sure, it's john.doe@example.com.",
        "intent_detected": {
          "intent_name": "Upgrade Request",
          "confidence_score": 0.7462259825310615
        }
      },
      {
        "turn_number": 7,
        "timestamp": "2025-03-06T03:17:57.491536Z",
        "speaker": "Chatbot",
        "text": "Thank you, John. I've updated your email address to john.doe@example.com. Now, what's the new phone number you'd like to add?",
        "intent_detected": null
      },
      {
        "turn_number": 8,
        "timestamp": "2025-03-06T03:18:11.491536Z",
        "speaker": "Customer",
        "text": "The new phone number is 555-123-4567.",
        "intent_detected": {
          "intent_name": "General Question",
          "confidence_score": 0.8370972357129853
        }
      },
      {
        "turn_number": 9,
        "timestamp": "2025-03-06T03:18:28.491536Z",
        "speaker": "Chatbot",
        "text": "Got it! Your phone number has been successfully updated to 555-123-4567. Is there anything else I can help you with today?",
        "intent_detected": null
      },
      {
        "turn_number": 10,
        "timestamp": "2025-03-06T03:18:46.491536Z",
        "speaker": "Customer",
        "text": "No, that was perfect! Thanks for the quick help.",
        "intent_detected": {
          "intent_name": "Bundle & Promotion Inquiry",
          "confidence_score": 0.8289401062547206
        }
      },
      {
        "turn_number": 11,
        "timestamp": "2025-03-06T03:18:55.491536Z",
        "speaker": "Chatbot",
        "text": "You're welcome! I'm glad I could assist you. If you have any more questions in the future, feel free to reach out. Have a great day!",
        "intent_detected": null
      },
      {
        "turn_number": 12,
        "timestamp": "2025-03-06T03:19:11.491536Z",
        "speaker": "Customer",
        "text": "Thanks, you too!",
        "intent_detected": {
          "intent_name": "Technical Issue",
          "confidence_score": 0.8435161895522938
        }
      }
    ],
    "initial_intent": "Account Information Update",
    "resolution_status": "Resolved",
    "escalation_flag": false,
    "customer_sentiment": "Positive",
    "system_error_flag": false,
    "ivr_outcome_code": "ACCOUNT-INFORMATION-UPDATE",
    "topic_type": "Common",
    "topic_name": "Account Information Update"
  },
  {
    "session_id": "IVR-20250306-76246",
    "customer_id": "CUST_347413",
    "call_start_time": "2024-03-31T17:42:02",
    "call_end_time": "2024-03-31T17:46:52",
    "call_duration_sec": 290,
    "conversation": [
      {
        "turn_number": 1,
        "timestamp": "2025-03-06T03:16:43.750798Z",
        "speaker": "Chatbot",
        "text": "Hello, and welcome to Spectrum Customer Service. How can I assist you today?",
        "intent_detected": null
      },
      {
        "turn_number": 2,
        "timestamp": "2025-03-06T03:16:48.750798Z",
        "speaker": "Customer",
        "text": "Hi there! I\u2019d like to cancel my service, please.",
        "intent_detected": {
          "intent_name": "Unmapped Address Error",
          "confidence_score": 0.8946693272271302
        }
      },
      {
        "turn_number": 3,
        "timestamp": "2025-03-06T03:16:58.750798Z",
        "speaker": "Chatbot",
        "text": "I understand you\u2019re looking to cancel your service. I\u2019m here to help with that. May I ask why you\u2019re considering cancellation? It helps us improve our services.",
        "intent_detected": null
      },
      {
        "turn_number": 4,
        "timestamp": "2025-03-06T03:17:13.750798Z",
        "speaker": "Customer",
        "text": "Sure! I'm moving to a new area where Spectrum isn't available, but I've really enjoyed the service.",
        "intent_detected": {
          "intent_name": "Unmapped Address Error",
          "confidence_score": 0.8650411760075538
        }
      },
      {
        "turn_number": 5,
        "timestamp": "2025-03-06T03:17:24.750798Z",
        "speaker": "Chatbot",
        "text": "I'm glad to hear you've enjoyed our service, and I completely understand your situation. Let's go ahead and process your cancellation request. Could you please provide your account number or the phone number associated with your account?",
        "intent_detected": null
      },
      {
        "turn_number": 6,
        "timestamp": "2025-03-06T03:17:37.750798Z",
        "speaker": "Customer",
        "text": "Of course! My account number is 123456789.",
        "intent_detected": {
          "intent_name": "Upgrade Request",
          "confidence_score": 0.8397804125967869
        }
      },
      {
        "turn_number": 7,
        "timestamp": "2025-03-06T03:17:57.750798Z",
        "speaker": "Chatbot",
        "text": "Thank you for providing your account number. I've located your account. Just to confirm, would you like to cancel immediately, or do you have a specific end date in mind?",
        "intent_detected": null
      },
      {
        "turn_number": 8,
        "timestamp": "2025-03-06T03:18:04.750798Z",
        "speaker": "Customer",
        "text": "I'd like to set the cancellation for the end of this month, please.",
        "intent_detected": {
          "intent_name": "Upgrade Request",
          "confidence_score": 0.8190339299303135
        }
      },
      {
        "turn_number": 9,
        "timestamp": "2025-03-06T03:18:13.750798Z",
        "speaker": "Chatbot",
        "text": "Absolutely, I can set your service to end on the last day of this month. Please note, you\u2019ll receive a final bill reflecting your service usage until that date. Is there anything else I can assist you with today?",
        "intent_detected": null
      },
      {
        "turn_number": 10,
        "timestamp": "2025-03-06T03:18:18.750798Z",
        "speaker": "Customer",
        "text": "No, that\u2019s all I needed. Thanks for making this so easy!",
        "intent_detected": {
          "intent_name": "Cancellation Request",
          "confidence_score": 0.9531024371421783
        }
      },
      {
        "turn_number": 11,
        "timestamp": "2025-03-06T03:18:24.750798Z",
        "speaker": "Chatbot",
        "text": "You're welcome! I'm glad I could assist you. If you ever move to an area with Spectrum service, we'd be thrilled to welcome you back. Have a wonderful day!",
        "intent_detected": null
      },
      {
        "turn_number": 12,
        "timestamp": "2025-03-06T03:18:30.750798Z",
        "speaker": "Customer",
        "text": "Thank you! You too!",
        "intent_detected": {
          "intent_name": "Bundle & Promotion Inquiry",
          "confidence_score": 0.7959767023455122
        }
      },
      {
        "turn_number": 13,
        "timestamp": "2025-03-06T03:18:43.750798Z",
        "speaker": "Chatbot",
        "text": "Goodbye, and thank you for choosing Spectrum!",
        "intent_detected": null
      }
    ],
    "initial_intent": "Cancellation Request",
    "resolution_status": "Resolved",
    "escalation_flag": false,
    "customer_sentiment": "Positive",
    "system_error_flag": false,
    "ivr_outcome_code": "CANCELLATION-REQUEST",
    "topic_type": "Common",
    "topic_name": "Cancellation Request"
  },
  {
    "session_id": "IVR-20250306-34280",
    "customer_id": "CUST_427858",
    "call_start_time": "2024-03-24T19:24:15",
    "call_end_time": "2024-03-24T19:32:22",
    "call_duration_sec": 487,
    "conversation": [
      {
        "turn_number": 1,
        "timestamp": "2025-03-06T03:16:44.526176Z",
        "speaker": "Chatbot",
        "text": "Hello, and welcome to Spectrum customer service. How can I assist you today?",
        "intent_detected": null
      },
      {
        "turn_number": 2,
        "timestamp": "2025-03-06T03:16:59.526176Z",
        "speaker": "Customer",
        "text": "Hi, I'm calling about my billing statement. I have some questions regarding the charges this month.",
        "intent_detected": {
          "intent_name": "Billing Inquiry",
          "confidence_score": 0.9600312960140045
        }
      },
      {
        "turn_number": 3,
        "timestamp": "2025-03-06T03:17:16.526176Z",
        "speaker": "Chatbot",
        "text": "I can help with that. Could you please provide your account number or phone number associated with your account?",
        "intent_detected": null
      },
      {
        "turn_number": 4,
        "timestamp": "2025-03-06T03:17:33.526176Z",
        "speaker": "Customer",
        "text": "Sure, it's 123-456-7890.",
        "intent_detected": {
          "intent_name": "Account Information Update",
          "confidence_score": 0.8119959540421346
        }
      },
      {
        "turn_number": 5,
        "timestamp": "2025-03-06T03:17:41.526176Z",
        "speaker": "Chatbot",
        "text": "Thank you. Let me pull up your billing details. One moment, please... I see that your current bill is $120.00. How can I assist you regarding these charges?",
        "intent_detected": null
      },
      {
        "turn_number": 6,
        "timestamp": "2025-03-06T03:17:54.526176Z",
        "speaker": "Customer",
        "text": "I noticed an extra charge that I don't recognize. Can you explain what it's for?",
        "intent_detected": {
          "intent_name": "Billing Inquiry",
          "confidence_score": 0.9715664118328332
        }
      },
      {
        "turn_number": 7,
        "timestamp": "2025-03-06T03:18:12.526176Z",
        "speaker": "Chatbot",
        "text": "I see an additional charge of $15.00 for a service fee. Would you like a breakdown of your billing statement?",
        "intent_detected": null
      },
      {
        "turn_number": 8,
        "timestamp": "2025-03-06T03:18:25.526176Z",
        "speaker": "Customer",
        "text": "Yes, that would be helpful.",
        "intent_detected": {
          "intent_name": "Account Information Update",
          "confidence_score": 0.7982833378264507
        }
      },
      {
        "turn_number": 9,
        "timestamp": "2025-03-06T03:18:43.526176Z",
        "speaker": "Chatbot",
        "text": "Certainly. Your charges include $90.00 for your monthly service plan, $15.00 for the service fee I mentioned, and $15.00 in taxes and surcharges. Is there anything else you'd like to know?",
        "intent_detected": null
      },
      {
        "turn_number": 10,
        "timestamp": "2025-03-06T03:18:58.526176Z",
        "speaker": "Customer",
        "text": "The service fee is what I'm concerned about. I didn't have that last month. Can you tell me why it's there now?",
        "intent_detected": {
          "intent_name": "Billing Inquiry",
          "confidence_score": 0.7174233480820397
        }
      },
      {
        "turn_number": 11,
        "timestamp": "2025-03-06T03:19:13.526176Z",
        "speaker": "Chatbot",
        "text": "I understand your concern. It appears to be a standard fee for additional services or adjustments made during the billing cycle. Would you like more detailed information on this service fee?",
        "intent_detected": null
      },
      {
        "turn_number": 12,
        "timestamp": "2025-03-06T03:19:32.526176Z",
        "speaker": "Customer",
        "text": "Yes, please. I don't recall requesting any additional services.",
        "intent_detected": {
          "intent_name": "Service Outage",
          "confidence_score": 0.876570536159095
        }
      },
      {
        "turn_number": 13,
        "timestamp": "2025-03-06T03:19:45.526176Z",
        "speaker": "Chatbot",
        "text": "I apologize for any inconvenience. Let me check for more details on that service fee. Please hold on...",
        "intent_detected": null
      },
      {
        "turn_number": 14,
        "timestamp": "2025-03-06T03:20:10.526176Z",
        "speaker": "Chatbot",
        "text": "It seems there was a temporary issue retrieving that specific information. Would you like me to transfer you to a representative for further assistance, or is there anything else I can help with?",
        "intent_detected": null
      },
      {
        "turn_number": 15,
        "timestamp": "2025-03-06T03:20:16.526176Z",
        "speaker": "Customer",
        "text": "No, that's okay. I've been on hold for a while, and it's getting frustrating. I'll try to check it later on the website.",
        "intent_detected": {
          "intent_name": "Physical Line Damage",
          "confidence_score": 0.9793586183120147
        }
      },
      {
        "turn_number": 16,
        "timestamp": "2025-03-06T03:20:29.526176Z",
        "speaker": "Chatbot",
        "text": "I understand. If you have any further questions, please don't hesitate to reach out. Thank you for contacting Spectrum, and have a great day.",
        "intent_detected": null
      },
      {
        "turn_number": 17,
        "timestamp": "2025-03-06T03:20:48.526176Z",
        "speaker": "Customer",
        "text": "Thanks, bye.",
        "intent_detected": {
          "intent_name": "Bundle & Promotion Inquiry",
          "confidence_score": 0.7928073618669219
        }
      },
      {
        "turn_number": 18,
        "timestamp": "2025-03-06T03:21:04.526176Z",
        "speaker": "Chatbot",
        "text": "Goodbye.",
        "intent_detected": null
      }
    ],
    "initial_intent": "Billing Inquiry",
    "resolution_status": "Abandoned",
    "escalation_flag": false,
    "customer_sentiment": "Neutral",
    "system_error_flag": false,
    "ivr_outcome_code": "BILLING-INQUIRY",
    "topic_type": "Common",
    "topic_name": "Billing Inquiry"
  },
  {
    "session_id": "IVR-20250306-20478",
    "customer_id": "CUST_453066",
    "call_start_time": "2024-03-24T10:20:50",
    "call_end_time": "2024-03-24T10:31:31",
    "call_duration_sec": 641,
    "conversation": [
      {
        "turn_number": 1,
        "timestamp": "2025-03-06T03:16:53.210403Z",
        "speaker": "Chatbot",
        "text": "Hello! Thank you for calling Spectrum Customer Service. How can I assist you today?",
        "intent_detected": null
      },
      {
        "turn_number": 2,
        "timestamp": "2025-03-06T03:17:07.210403Z",
        "speaker": "Customer",
        "text": "Hi there! I'm interested in upgrading my current internet plan. I've heard great things about your faster speeds and would love to explore my options.",
        "intent_detected": {
          "intent_name": "Upgrade Request",
          "confidence_score": 0.7692216013003741
        }
      },
      {
        "turn_number": 3,
        "timestamp": "2025-03-06T03:17:17.210403Z",
        "speaker": "Chatbot",
        "text": "That's wonderful to hear! Upgrading your internet plan is a great way to enjoy faster speeds and enhanced performance. Let me gather some details to find the best upgrade options for you. Could you please confirm your account number or the phone number associated with your account?",
        "intent_detected": null
      },
      {
        "turn_number": 4,
        "timestamp": "2025-03-06T03:17:35.210403Z",
        "speaker": "Customer",
        "text": "Sure! My phone number is 555-123-4567.",
        "intent_detected": {
          "intent_name": "Upgrade Request",
          "confidence_score": 0.7295340908632427
        }
      },
      {
        "turn_number": 5,
        "timestamp": "2025-03-06T03:17:50.210403Z",
        "speaker": "Chatbot",
        "text": "Thank you for providing your information. Let me check the available upgrade options for you... Alright, I see several exciting plans that could fit your needs. I\u2019m going to connect you with a customer service representative who can provide detailed information and assist you further with the upgrade process. Please hold for a moment.",
        "intent_detected": null
      },
      {
        "turn_number": 6,
        "timestamp": "2025-03-06T03:18:05.210403Z",
        "speaker": "Customer",
        "text": "That sounds great! Thank you for your help.",
        "intent_detected": {
          "intent_name": "Payment Arrangement",
          "confidence_score": 0.8271449124428022
        }
      },
      {
        "turn_number": 7,
        "timestamp": "2025-03-06T03:18:15.210403Z",
        "speaker": "Chatbot",
        "text": "You're welcome! I\u2019m connecting you to one of our experts now. You\u2019ll be in good hands. Have a wonderful day and enjoy your upgraded service soon!",
        "intent_detected": null
      }
    ],
    "initial_intent": "Upgrade Request",
    "resolution_status": "Escalated",
    "escalation_flag": true,
    "customer_sentiment": "Positive",
    "system_error_flag": false,
    "ivr_outcome_code": "UPGRADE-REQUEST",
    "topic_type": "Common",
    "topic_name": "Upgrade Request"
  },
  {
    "session_id": "IVR-20250306-87159",
    "customer_id": "CUST_400953",
    "call_start_time": "2024-03-03T00:38:23",
    "call_end_time": "2024-03-03T00:53:13",
    "call_duration_sec": 890,
    "conversation": [
      {
        "turn_number": 1,
        "timestamp": "2025-03-06T03:17:02.535423Z",
        "speaker": "Chatbot",
        "text": "Hello! Welcome to Spectrum Customer Service. How can I assist you today?",
        "intent_detected": null
      },
      {
        "turn_number": 2,
        "timestamp": "2025-03-06T03:17:15.535423Z",
        "speaker": "Customer",
        "text": "Hi there! I'm looking to upgrade my current internet plan. Can you help me with that?",
        "intent_detected": {
          "intent_name": "Upgrade Request",
          "confidence_score": 0.933814773929166
        }
      },
      {
        "turn_number": 3,
        "timestamp": "2025-03-06T03:17:31.535423Z",
        "speaker": "Chatbot",
        "text": "Absolutely! I'd be happy to help you with an upgrade. Could you please provide me with the ZIP code associated with your account?",
        "intent_detected": null
      },
      {
        "turn_number": 4,
        "timestamp": "2025-03-06T03:17:40.535423Z",
        "speaker": "Customer",
        "text": "Sure, it's 90210.",
        "intent_detected": {
          "intent_name": "Account Information Update",
          "confidence_score": 0.9302199581004078
        }
      },
      {
        "turn_number": 5,
        "timestamp": "2025-03-06T03:17:53.535423Z",
        "speaker": "Chatbot",
        "text": "Thank you! Let me check the available options for your area. One moment, please.",
        "intent_detected": null
      },
      {
        "turn_number": 6,
        "timestamp": "2025-03-06T03:18:12.535423Z",
        "speaker": "Chatbot",
        "text": "Great news! We have a fantastic selection of upgraded plans that offer higher speeds and more data. Would you like to hear about our most popular upgrades?",
        "intent_detected": null
      },
      {
        "turn_number": 7,
        "timestamp": "2025-03-06T03:18:28.535423Z",
        "speaker": "Customer",
        "text": "Yes, please! I'm interested in faster speeds.",
        "intent_detected": {
          "intent_name": "Upgrade Request",
          "confidence_score": 0.8217336432994631
        }
      },
      {
        "turn_number": 8,
        "timestamp": "2025-03-06T03:18:46.535423Z",
        "speaker": "Chatbot",
        "text": "Our most popular upgrade is the Ultra plan, which offers speeds up to 400 Mbps. It's perfect for streaming, gaming, and working from home. Would you like to proceed with this upgrade?",
        "intent_detected": null
      },
      {
        "turn_number": 9,
        "timestamp": "2025-03-06T03:18:52.535423Z",
        "speaker": "Customer",
        "text": "That sounds exactly like what I need. Let's go ahead with the Ultra plan.",
        "intent_detected": {
          "intent_name": "Upgrade Request",
          "confidence_score": 0.7578756068747633
        }
      },
      {
        "turn_number": 10,
        "timestamp": "2025-03-06T03:19:12.535423Z",
        "speaker": "Chatbot",
        "text": "Wonderful choice! I will process your upgrade to the Ultra plan right away. You should experience the increased speeds within the next few minutes. Is there anything else I can assist you with today?",
        "intent_detected": null
      },
      {
        "turn_number": 11,
        "timestamp": "2025-03-06T03:19:30.535423Z",
        "speaker": "Customer",
        "text": "That's all I needed. Thank you for the quick and easy upgrade!",
        "intent_detected": {
          "intent_name": "Upgrade Request",
          "confidence_score": 0.7093722636714702
        }
      },
      {
        "turn_number": 12,
        "timestamp": "2025-03-06T03:19:49.535423Z",
        "speaker": "Chatbot",
        "text": "You're very welcome! We're delighted to have helped you today. Enjoy your new speeds with Spectrum, and have a fantastic day!",
        "intent_detected": null
      },
      {
        "turn_number": 13,
        "timestamp": "2025-03-06T03:20:03.535423Z",
        "speaker": "Customer",
        "text": "Thanks, you too!",
        "intent_detected": {
          "intent_name": "Payment Arrangement",
          "confidence_score": 0.9498440259675652
        }
      }
    ],
    "initial_intent": "Upgrade Request",
    "resolution_status": "Resolved",
    "escalation_flag": false,
    "customer_sentiment": "Positive",
    "system_error_flag": false,
    "ivr_outcome_code": "UPGRADE-REQUEST",
    "topic_type": "Common",
    "topic_name": "Upgrade Request"
  },
  {
    "session_id": "IVR-20250306-26840",
    "customer_id": "CUST_963501",
    "call_start_time": "2024-03-30T22:11:47",
    "call_end_time": "2024-03-30T22:21:36",
    "call_duration_sec": 589,
    "conversation": [
      {
        "turn_number": 1,
        "timestamp": "2025-03-06T03:17:04.859161Z",
        "speaker": "Chatbot",
        "text": "Hello, and welcome to Spectrum Customer Service. How can I assist you today?",
        "intent_detected": null
      },
      {
        "turn_number": 2,
        "timestamp": "2025-03-06T03:17:24.859161Z",
        "speaker": "Customer",
        "text": "I'm really frustrated right now. I need to set up a payment arrangement, but your automated system isn't helping at all.",
        "intent_detected": {
          "intent_name": "Billing Inquiry",
          "confidence_score": 0.8459242762399282
        }
      },
      {
        "turn_number": 3,
        "timestamp": "2025-03-06T03:17:36.859161Z",
        "speaker": "Chatbot",
        "text": "I'm sorry to hear about the trouble you're experiencing. I can help you with setting up a payment arrangement. Could you please provide the account number you're inquiring about?",
        "intent_detected": null
      },
      {
        "turn_number": 4,
        "timestamp": "2025-03-06T03:17:41.859161Z",
        "speaker": "Customer",
        "text": "I've already tried that, and it keeps giving me errors. This is ridiculous. My account number is 123456789.",
        "intent_detected": {
          "intent_name": "Technical Issue",
          "confidence_score": 0.7154415210509472
        }
      },
      {
        "turn_number": 5,
        "timestamp": "2025-03-06T03:17:49.859161Z",
        "speaker": "Chatbot",
        "text": "Thank you for providing your account number. Let me check your account details. One moment, please.",
        "intent_detected": null
      },
      {
        "turn_number": 6,
        "timestamp": "2025-03-06T03:18:04.859161Z",
        "speaker": "Chatbot",
        "text": "I see that your account is eligible for a payment arrangement. However, to proceed further and resolve any issues you're encountering, I will need to connect you with one of our customer service representatives. Please hold for a moment while I transfer your call.",
        "intent_detected": null
      },
      {
        "turn_number": 7,
        "timestamp": "2025-03-06T03:18:13.859161Z",
        "speaker": "Customer",
        "text": "I hope this doesn't take long. I've already spent too much time on this.",
        "intent_detected": {
          "intent_name": "Account Information Update",
          "confidence_score": 0.8383872740369283
        }
      },
      {
        "turn_number": 8,
        "timestamp": "2025-03-06T03:18:19.859161Z",
        "speaker": "Chatbot",
        "text": "I understand your frustration, and I apologize for the inconvenience. I assure you that our representative will assist you promptly. Please hold on while I connect you.",
        "intent_detected": null
      },
      {
        "turn_number": 9,
        "timestamp": "2025-03-06T03:18:47.859161Z",
        "speaker": "Chatbot",
        "text": "Thank you for your patience. You are now being transferred to a live agent who can assist you further with your payment arrangement. Have a great day!",
        "intent_detected": null
      },
      {
        "turn_number": 10,
        "timestamp": "2025-03-06T03:18:58.859161Z",
        "speaker": "Customer",
        "text": "Finally! Thank you.",
        "intent_detected": {
          "intent_name": "Upgrade Request",
          "confidence_score": 0.7496776556182086
        }
      }
    ],
    "initial_intent": "Payment Arrangement",
    "resolution_status": "Escalated",
    "escalation_flag": true,
    "customer_sentiment": "Negative",
    "system_error_flag": false,
    "ivr_outcome_code": "PAYMENT-ARRANGEMENT",
    "topic_type": "Common",
    "topic_name": "Payment Arrangement"
  },
  {
    "session_id": "IVR-20250306-93450",
    "customer_id": "CUST_940078",
    "call_start_time": "2024-03-01T17:28:58",
    "call_end_time": "2024-03-01T17:38:19",
    "call_duration_sec": 561,
    "conversation": [
      {
        "turn_number": 1,
        "timestamp": "2025-03-06T03:17:22.324690Z",
        "speaker": "Chatbot",
        "text": "Hello, and thank you for calling Spectrum customer service. How can I assist you today?",
        "intent_detected": null
      },
      {
        "turn_number": 2,
        "timestamp": "2025-03-06T03:17:27.324690Z",
        "speaker": "Customer",
        "text": "Hi! I have a general question about my internet service.",
        "intent_detected": {
          "intent_name": "Account Hijacking/Fraud",
          "confidence_score": 0.713393607557875
        }
      },
      {
        "turn_number": 3,
        "timestamp": "2025-03-06T03:17:33.324690Z",
        "speaker": "Chatbot",
        "text": "Certainly! I'm here to help. What would you like to know about your internet service?",
        "intent_detected": null
      },
      {
        "turn_number": 4,
        "timestamp": "2025-03-06T03:17:40.324690Z",
        "speaker": "Customer",
        "text": "I was wondering if there are any current promotions or discounts available for existing customers.",
        "intent_detected": {
          "intent_name": "Billing Inquiry",
          "confidence_score": 0.9477901910743757
        }
      },
      {
        "turn_number": 5,
        "timestamp": "2025-03-06T03:17:47.324690Z",
        "speaker": "Chatbot",
        "text": "Great question! We love rewarding our loyal customers. Let me check the latest promotions available for you. Please hold on for a moment.",
        "intent_detected": null
      },
      {
        "turn_number": 6,
        "timestamp": "2025-03-06T03:18:22.324690Z",
        "speaker": "Chatbot",
        "text": "Thank you for your patience. We currently have a special promotion that offers a discount on your monthly bill if you bundle your internet service with our cable TV package. Would you like more details on that?",
        "intent_detected": null
      },
      {
        "turn_number": 7,
        "timestamp": "2025-03-06T03:18:32.324690Z",
        "speaker": "Customer",
        "text": "Yes, that sounds interesting. Could you tell me more about how the bundling works?",
        "intent_detected": {
          "intent_name": "Upgrade Request",
          "confidence_score": 0.8118811598986755
        }
      },
      {
        "turn_number": 8,
        "timestamp": "2025-03-06T03:18:49.324690Z",
        "speaker": "Chatbot",
        "text": "Of course! When you bundle your internet service with our cable TV package, you can enjoy a 15% discount on both services for the first 12 months. It's a great way to get more value and enjoy our comprehensive entertainment options.",
        "intent_detected": null
      },
      {
        "turn_number": 9,
        "timestamp": "2025-03-06T03:19:03.324690Z",
        "speaker": "Customer",
        "text": "That sounds like a fantastic deal! I appreciate you letting me know.",
        "intent_detected": {
          "intent_name": "Payment Arrangement",
          "confidence_score": 0.9865265988211716
        }
      },
      {
        "turn_number": 10,
        "timestamp": "2025-03-06T03:19:21.324690Z",
        "speaker": "Chatbot",
        "text": "I'm glad you like it! If you decide to go ahead with the bundle, you can easily activate it through your online account or by calling us back. Is there anything else I can assist you with today?",
        "intent_detected": null
      },
      {
        "turn_number": 11,
        "timestamp": "2025-03-06T03:19:29.324690Z",
        "speaker": "Customer",
        "text": "No, that's all I needed. Thank you for the helpful information!",
        "intent_detected": {
          "intent_name": "Billing Inquiry",
          "confidence_score": 0.907652418387543
        }
      },
      {
        "turn_number": 12,
        "timestamp": "2025-03-06T03:19:46.324690Z",
        "speaker": "Chatbot",
        "text": "You're very welcome! I'm happy I could assist. Have a wonderful day, and thank you for choosing Spectrum!",
        "intent_detected": null
      },
      {
        "turn_number": 13,
        "timestamp": "2025-03-06T03:19:53.324690Z",
        "speaker": "Customer",
        "text": "Thank you! You too. Goodbye!",
        "intent_detected": {
          "intent_name": "Billing Inquiry",
          "confidence_score": 0.8082496269318251
        }
      },
      {
        "turn_number": 14,
        "timestamp": "2025-03-06T03:20:10.324690Z",
        "speaker": "Chatbot",
        "text": "Goodbye!",
        "intent_detected": null
      }
    ],
    "initial_intent": "General Question",
    "resolution_status": "Resolved",
    "escalation_flag": false,
    "customer_sentiment": "Positive",
    "system_error_flag": false,
    "ivr_outcome_code": "GENERAL-QUESTION",
    "topic_type": "Common",
    "topic_name": "General Question"
  },
  {
    "session_id": "IVR-20250306-72068",
    "customer_id": "CUST_250489",
    "call_start_time": "2024-03-08T21:47:55",
    "call_end_time": "2024-03-08T21:52:29",
    "call_duration_sec": 274,
    "conversation": [
      {
        "turn_number": 1,
        "timestamp": "2025-03-06T03:17:25.516602Z",
        "speaker": "Chatbot",
        "text": "Hello, and welcome to Spectrum customer service. How can I assist you today?",
        "intent_detected": null
      },
      {
        "turn_number": 2,
        "timestamp": "2025-03-06T03:17:32.516602Z",
        "speaker": "Customer",
        "text": "Hi there! I'm experiencing a service outage, and I was hoping you could help me resolve it.",
        "intent_detected": {
          "intent_name": "Technical Issue",
          "confidence_score": 0.8234979663625814
        }
      },
      {
        "turn_number": 3,
        "timestamp": "2025-03-06T03:17:37.516602Z",
        "speaker": "Chatbot",
        "text": "I'm sorry to hear about the service outage. Let's get that sorted out for you. Can you please provide your ZIP code to check for any known issues in your area?",
        "intent_detected": null
      },
      {
        "turn_number": 4,
        "timestamp": "2025-03-06T03:17:52.516602Z",
        "speaker": "Customer",
        "text": "Sure, my ZIP code is 90210.",
        "intent_detected": {
          "intent_name": "Account Information Update",
          "confidence_score": 0.9293658999532597
        }
      },
      {
        "turn_number": 5,
        "timestamp": "2025-03-06T03:18:05.516602Z",
        "speaker": "Chatbot",
        "text": "Thank you! Let me quickly check the status of service in your area. One moment, please.",
        "intent_detected": null
      },
      {
        "turn_number": 6,
        "timestamp": "2025-03-06T03:18:32.516602Z",
        "speaker": "Chatbot",
        "text": "Great news! We've identified the issue in your area, and our technicians have resolved it. Your service should be back up and running now. Could you please check and confirm?",
        "intent_detected": null
      },
      {
        "turn_number": 7,
        "timestamp": "2025-03-06T03:18:40.516602Z",
        "speaker": "Customer",
        "text": "Fantastic! Let me have a look... Yes, everything seems to be working perfectly now. Thank you so much!",
        "intent_detected": {
          "intent_name": "Suspicious Activity Alert",
          "confidence_score": 0.9298161216763002
        }
      },
      {
        "turn_number": 8,
        "timestamp": "2025-03-06T03:18:48.516602Z",
        "speaker": "Chatbot",
        "text": "You're welcome! I'm glad we could resolve the issue for you. Is there anything else I can assist you with today?",
        "intent_detected": null
      },
      {
        "turn_number": 9,
        "timestamp": "2025-03-06T03:19:03.516602Z",
        "speaker": "Customer",
        "text": "No, that was all I needed. Thanks again for the quick help!",
        "intent_detected": {
          "intent_name": "Upgrade Request",
          "confidence_score": 0.9353700315985831
        }
      },
      {
        "turn_number": 10,
        "timestamp": "2025-03-06T03:19:08.516602Z",
        "speaker": "Chatbot",
        "text": "It's my pleasure! Thank you for choosing Spectrum. Have a wonderful day!",
        "intent_detected": null
      }
    ],
    "initial_intent": "Service Outage",
    "resolution_status": "Resolved",
    "escalation_flag": false,
    "customer_sentiment": "Positive",
    "system_error_flag": false,
    "ivr_outcome_code": "SERVICE-OUTAGE",
    "topic_type": "Common",
    "topic_name": "Service Outage"
  },
  {
    "session_id": "IVR-20250306-73373",
    "customer_id": "CUST_832576",
    "call_start_time": "2024-03-16T23:32:37",
    "call_end_time": "2024-03-16T23:38:47",
    "call_duration_sec": 370,
    "conversation": [
      {
        "turn_number": 1,
        "timestamp": "2025-03-06T03:17:30.316889Z",
        "speaker": "Chatbot",
        "text": "Hello, and welcome to Spectrum customer service. How can I assist you today?",
        "intent_detected": null
      },
      {
        "turn_number": 2,
        "timestamp": "2025-03-06T03:17:50.316889Z",
        "speaker": "Customer",
        "text": "Hi, I'd like to request the cancellation of my service.",
        "intent_detected": {
          "intent_name": "Legacy Equipment Issue",
          "confidence_score": 0.8679321615161062
        }
      },
      {
        "turn_number": 3,
        "timestamp": "2025-03-06T03:17:57.316889Z",
        "speaker": "Chatbot",
        "text": "I understand you want to cancel your service. Could you please provide the reason for cancellation to help us improve our services?",
        "intent_detected": null
      },
      {
        "turn_number": 4,
        "timestamp": "2025-03-06T03:18:03.316889Z",
        "speaker": "Customer",
        "text": "I'm moving to a location where Spectrum isn't available.",
        "intent_detected": {
          "intent_name": "Unmapped Address Error",
          "confidence_score": 0.8482844655469952
        }
      },
      {
        "turn_number": 5,
        "timestamp": "2025-03-06T03:18:15.316889Z",
        "speaker": "Chatbot",
        "text": "Thank you for letting us know. I can assist you with canceling your service. May I have your account number to proceed?",
        "intent_detected": null
      },
      {
        "turn_number": 6,
        "timestamp": "2025-03-06T03:18:23.316889Z",
        "speaker": "Customer",
        "text": "Sure, it's 123456789.",
        "intent_detected": {
          "intent_name": "Upgrade Request",
          "confidence_score": 0.971023079905381
        }
      },
      {
        "turn_number": 7,
        "timestamp": "2025-03-06T03:18:29.316889Z",
        "speaker": "Chatbot",
        "text": "Thank you for the information. I see you have a bundle package. Are you sure you would like to proceed with the cancellation of all services, or is there anything else we can help with?",
        "intent_detected": null
      },
      {
        "turn_number": 8,
        "timestamp": "2025-03-06T03:18:44.316889Z",
        "speaker": "Customer",
        "text": "Yes, please cancel all services.",
        "intent_detected": {
          "intent_name": "Account Hijacking/Fraud",
          "confidence_score": 0.9401372060360607
        }
      },
      {
        "turn_number": 9,
        "timestamp": "2025-03-06T03:18:56.316889Z",
        "speaker": "Chatbot",
        "text": "Understood. Just to confirm, the cancellation will be effective at the end of your current billing cycle. Does that work for you?",
        "intent_detected": null
      },
      {
        "turn_number": 10,
        "timestamp": "2025-03-06T03:19:06.316889Z",
        "speaker": "Customer",
        "text": "Yes, that's fine.",
        "intent_detected": {
          "intent_name": "Equipment Return/Pickup",
          "confidence_score": 0.8786344843583768
        }
      },
      {
        "turn_number": 11,
        "timestamp": "2025-03-06T03:19:23.316889Z",
        "speaker": "Chatbot",
        "text": "Great. Before I finalize the cancellation, I need to transfer you to one of our agents to complete the process. Please hold for a moment.",
        "intent_detected": null
      },
      {
        "turn_number": 12,
        "timestamp": "2025-03-06T03:19:36.316889Z",
        "speaker": "Customer",
        "text": "Okay, thank you.",
        "intent_detected": {
          "intent_name": "Cancellation Request",
          "confidence_score": 0.9722417871771939
        }
      },
      {
        "turn_number": 13,
        "timestamp": "2025-03-06T03:20:01.316889Z",
        "speaker": "Chatbot",
        "text": "Thank you for your patience. I've transferred you to an agent who will assist you further. Please hold while I connect you.",
        "intent_detected": null
      },
      {
        "turn_number": 14,
        "timestamp": "2025-03-06T03:20:48.316889Z",
        "speaker": "Customer",
        "text": "No, that's all. Thank you for your help.",
        "intent_detected": {
          "intent_name": "Account Hijacking/Fraud",
          "confidence_score": 0.8204286020274687
        }
      },
      {
        "turn_number": 15,
        "timestamp": "2025-03-06T03:21:17.316889Z",
        "speaker": "Customer",
        "text": "Thank you, you too.",
        "intent_detected": {
          "intent_name": "Technical Issue",
          "confidence_score": 0.7471491785183519
        }
      },
      {
        "turn_number": 16,
        "timestamp": "2025-03-06T03:21:37.316889Z",
        "speaker": "Chatbot",
        "text": "Thank you for contacting Spectrum. Goodbye!",
        "intent_detected": null
      }
    ],
    "initial_intent": "Cancellation Request",
    "resolution_status": "Resolved",
    "escalation_flag": true,
    "customer_sentiment": "Neutral",
    "system_error_flag": false,
    "ivr_outcome_code": "CANCELLATION-REQUEST",
    "topic_type": "Common",
    "topic_name": "Cancellation Request"
  },
  {
    "session_id": "IVR-20250306-41731",
    "customer_id": "CUST_298834",
    "call_start_time": "2024-03-24T11:19:17",
    "call_end_time": "2024-03-24T11:33:48",
    "call_duration_sec": 871,
    "conversation": [
      {
        "turn_number": 1,
        "timestamp": "2025-03-06T03:17:47.489475Z",
        "speaker": "Chatbot",
        "text": "Hello, and thank you for calling Spectrum customer service. How can I assist you today?",
        "intent_detected": null
      },
      {
        "turn_number": 2,
        "timestamp": "2025-03-06T03:18:05.489475Z",
        "speaker": "Customer",
        "text": "Hi, I need to set up a payment arrangement. I'm really frustrated because I thought I had already done this, but I received a notice that my service might be interrupted.",
        "intent_detected": {
          "intent_name": "Billing Inquiry",
          "confidence_score": 0.9579286488376961
        }
      },
      {
        "turn_number": 3,
        "timestamp": "2025-03-06T03:18:19.489475Z",
        "speaker": "Chatbot",
        "text": "I'm sorry to hear about your frustration. Let me help you with the payment arrangement. Can you please confirm the phone number associated with your account?",
        "intent_detected": null
      },
      {
        "turn_number": 4,
        "timestamp": "2025-03-06T03:18:24.489475Z",
        "speaker": "Customer",
        "text": "It's 555-1234. But I must say, this is really inconvenient. I thought everything was sorted out last time.",
        "intent_detected": {
          "intent_name": "Cancellation Request",
          "confidence_score": 0.7581810198720682
        }
      },
      {
        "turn_number": 5,
        "timestamp": "2025-03-06T03:18:40.489475Z",
        "speaker": "Chatbot",
        "text": "Thank you for providing your number. I understand how this can be frustrating, and I apologize for any inconvenience. Let me check your account details.",
        "intent_detected": null
      },
      {
        "turn_number": 6,
        "timestamp": "2025-03-06T03:18:52.489475Z",
        "speaker": "Chatbot",
        "text": "I see that your account is eligible for a payment arrangement. Would you like to extend your payment due date or split your bill into smaller payments?",
        "intent_detected": null
      },
      {
        "turn_number": 7,
        "timestamp": "2025-03-06T03:19:07.489475Z",
        "speaker": "Customer",
        "text": "I want to extend the due date. It's really irritating that I even have to do this again.",
        "intent_detected": {
          "intent_name": "Billing Inquiry",
          "confidence_score": 0.8213409081656724
        }
      },
      {
        "turn_number": 8,
        "timestamp": "2025-03-06T03:19:27.489475Z",
        "speaker": "Chatbot",
        "text": "I understand how you feel. Let's extend your payment due date. How does an extension of 10 days sound?",
        "intent_detected": null
      },
      {
        "turn_number": 9,
        "timestamp": "2025-03-06T03:19:38.489475Z",
        "speaker": "Customer",
        "text": "That works, I guess. But please make sure this is properly set up this time.",
        "intent_detected": {
          "intent_name": "Account Information Update",
          "confidence_score": 0.7080533630369364
        }
      },
      {
        "turn_number": 10,
        "timestamp": "2025-03-06T03:19:45.489475Z",
        "speaker": "Chatbot",
        "text": "I've successfully extended your payment due date by 10 days. You won\u2019t have to worry about service interruption during this period. Is there anything else I can assist you with today?",
        "intent_detected": null
      },
      {
        "turn_number": 11,
        "timestamp": "2025-03-06T03:20:02.489475Z",
        "speaker": "Customer",
        "text": "No, that's all. Just make sure it goes through this time.",
        "intent_detected": {
          "intent_name": "Billing Inquiry",
          "confidence_score": 0.8355446103525082
        }
      },
      {
        "turn_number": 12,
        "timestamp": "2025-03-06T03:20:14.489475Z",
        "speaker": "Chatbot",
        "text": "Rest assured, the payment arrangement has been confirmed. Thank you for calling Spectrum, and have a great day.",
        "intent_detected": null
      },
      {
        "turn_number": 13,
        "timestamp": "2025-03-06T03:20:26.489475Z",
        "speaker": "Customer",
        "text": "Thanks. Let's hope it works this time.",
        "intent_detected": {
          "intent_name": "Upgrade Request",
          "confidence_score": 0.9780272616672354
        }
      },
      {
        "turn_number": 14,
        "timestamp": "2025-03-06T03:20:39.489475Z",
        "speaker": "Chatbot",
        "text": "You're welcome! Goodbye.",
        "intent_detected": null
      }
    ],
    "initial_intent": "Payment Arrangement",
    "resolution_status": "Resolved",
    "escalation_flag": false,
    "customer_sentiment": "Negative",
    "system_error_flag": false,
    "ivr_outcome_code": "PAYMENT-ARRANGEMENT",
    "topic_type": "Common",
    "topic_name": "Payment Arrangement"
  },
  {
    "session_id": "IVR-20250306-94650",
    "customer_id": "CUST_777031",
    "call_start_time": "2024-03-23T06:44:59",
    "call_end_time": "2024-03-23T06:59:10",
    "call_duration_sec": 851,
    "conversation": [
      {
        "turn_number": 1,
        "timestamp": "2025-03-06T03:17:49.533580Z",
        "speaker": "Chatbot",
        "text": "Thank you for calling Spectrum customer service. How can I assist you today?",
        "intent_detected": null
      },
      {
        "turn_number": 2,
        "timestamp": "2025-03-06T03:17:57.533580Z",
        "speaker": "Customer",
        "text": "Hi, I'm having an issue with some older equipment I have. It's been working fine for years, but recently it's started acting up, and I'm not sure what to do.",
        "intent_detected": {
          "intent_name": "Technical Issue",
          "confidence_score": 0.7104764032619574
        }
      },
      {
        "turn_number": 3,
        "timestamp": "2025-03-06T03:18:16.533580Z",
        "speaker": "Chatbot",
        "text": "I understand. You're experiencing issues with legacy equipment. Let's see how we can get this sorted out for you. Can you please provide a bit more detail about the problem?",
        "intent_detected": null
      },
      {
        "turn_number": 4,
        "timestamp": "2025-03-06T03:18:31.533580Z",
        "speaker": "Customer",
        "text": "Sure, the equipment is from an older setup, and it's not responding the way it used to. I think it might need an update or some sort of adjustment.",
        "intent_detected": {
          "intent_name": "Service Outage",
          "confidence_score": 0.7961261900998964
        }
      },
      {
        "turn_number": 5,
        "timestamp": "2025-03-06T03:18:48.533580Z",
        "speaker": "Chatbot",
        "text": "Thank you for the information. Legacy equipment can sometimes face compatibility issues with newer systems. Let me run a quick diagnostic to see if there's anything we can do remotely.",
        "intent_detected": null
      },
      {
        "turn_number": 6,
        "timestamp": "2025-03-06T03:19:08.533580Z",
        "speaker": "Customer",
        "text": "That would be great, thank you.",
        "intent_detected": {
          "intent_name": "Bundle & Promotion Inquiry",
          "confidence_score": 0.9152870822477923
        }
      },
      {
        "turn_number": 7,
        "timestamp": "2025-03-06T03:19:28.533580Z",
        "speaker": "Chatbot",
        "text": "Running diagnostics now... It appears there might be a compatibility issue. Unfortunately, this is a bit complex and may require special handling. I'm going to connect you with a technical specialist who can assist further. Please hold for a moment.",
        "intent_detected": null
      },
      {
        "turn_number": 8,
        "timestamp": "2025-03-06T03:19:45.533580Z",
        "speaker": "Customer",
        "text": "Sure, no problem. Thank you for your help so far!",
        "intent_detected": {
          "intent_name": "Technical Issue",
          "confidence_score": 0.7345612429542223
        }
      },
      {
        "turn_number": 9,
        "timestamp": "2025-03-06T03:19:58.533580Z",
        "speaker": "Chatbot",
        "text": "Thank you for your patience. I'm transferring you to one of our specialists now.",
        "intent_detected": null
      },
      {
        "turn_number": 10,
        "timestamp": "2025-03-06T03:20:31.533580Z",
        "speaker": "Customer",
        "text": "Hi, yes, thank you. The chatbot mentioned a compatibility issue. Can you help me resolve this?",
        "intent_detected": {
          "intent_name": "Technical Issue",
          "confidence_score": 0.7281026392655795
        }
      },
      {
        "turn_number": 11,
        "timestamp": "2025-03-06T03:21:36.533580Z",
        "speaker": "Customer",
        "text": "Yes, it's working perfectly! Thank you so much for your help.",
        "intent_detected": {
          "intent_name": "General Question",
          "confidence_score": 0.7310781048142537
        }
      },
      {
        "turn_number": 12,
        "timestamp": "2025-03-06T03:21:59.533580Z",
        "speaker": "Customer",
        "text": "Thank you, I really appreciate the support. Have a great day!",
        "intent_detected": {
          "intent_name": "Account Information Update",
          "confidence_score": 0.8021257538889476
        }
      },
      {
        "turn_number": 13,
        "timestamp": "2025-03-06T03:22:23.533580Z",
        "speaker": "Chatbot",
        "text": "Thank you for choosing Spectrum. Goodbye!",
        "intent_detected": null
      }
    ],
    "initial_intent": "Legacy Equipment Issue",
    "resolution_status": "Resolved",
    "escalation_flag": true,
    "customer_sentiment": "Positive",
    "system_error_flag": false,
    "ivr_outcome_code": "LEGACY-EQUIPMENT-ISSUE",
    "topic_type": "Edge-Case",
    "topic_name": "Legacy Equipment Issue"
  },
  {
    "session_id": "IVR-20250306-42787",
    "customer_id": "CUST_487553",
    "call_start_time": "2024-03-24T14:37:15",
    "call_end_time": "2024-03-24T14:47:50",
    "call_duration_sec": 635,
    "conversation": [
      {
        "turn_number": 1,
        "timestamp": "2025-03-06T03:18:09.728103Z",
        "speaker": "Chatbot",
        "text": "Hello, and thank you for contacting Spectrum customer service. How can I assist you today?",
        "intent_detected": null
      },
      {
        "turn_number": 2,
        "timestamp": "2025-03-06T03:18:23.728103Z",
        "speaker": "Customer",
        "text": "Hi, I'd like to upgrade my current service plan.",
        "intent_detected": {
          "intent_name": "Upgrade Request",
          "confidence_score": 0.8398880191937714
        }
      },
      {
        "turn_number": 3,
        "timestamp": "2025-03-06T03:18:33.728103Z",
        "speaker": "Chatbot",
        "text": "Sure, I can help you with that. Are you looking to upgrade your internet, TV, or phone service?",
        "intent_detected": null
      },
      {
        "turn_number": 4,
        "timestamp": "2025-03-06T03:18:40.728103Z",
        "speaker": "Customer",
        "text": "I'd like to upgrade my internet service.",
        "intent_detected": {
          "intent_name": "Upgrade Request",
          "confidence_score": 0.9187993277652692
        }
      },
      {
        "turn_number": 5,
        "timestamp": "2025-03-06T03:18:57.728103Z",
        "speaker": "Chatbot",
        "text": "Great choice! We have several internet packages available. May I know your current plan so I can suggest the best upgrade option for you?",
        "intent_detected": null
      },
      {
        "turn_number": 6,
        "timestamp": "2025-03-06T03:19:13.728103Z",
        "speaker": "Customer",
        "text": "I'm on the basic plan right now.",
        "intent_detected": {
          "intent_name": "Upgrade Request",
          "confidence_score": 0.8111801081561082
        }
      },
      {
        "turn_number": 7,
        "timestamp": "2025-03-06T03:19:22.728103Z",
        "speaker": "Chatbot",
        "text": "Thank you for that information. We have a couple of options that offer faster speeds and greater bandwidth. Would you like to hear about our most popular upgrade, or do you have specific features in mind?",
        "intent_detected": null
      },
      {
        "turn_number": 8,
        "timestamp": "2025-03-06T03:19:28.728103Z",
        "speaker": "Customer",
        "text": "I would like to know about the most popular upgrade.",
        "intent_detected": {
          "intent_name": "Upgrade Request",
          "confidence_score": 0.7716869247084807
        }
      },
      {
        "turn_number": 9,
        "timestamp": "2025-03-06T03:19:44.728103Z",
        "speaker": "Chatbot",
        "text": "Our most popular plan offers speeds up to 300 Mbps, which is three times faster than the basic plan. It also includes unlimited data usage. Would you like me to proceed with this upgrade or explore other options?",
        "intent_detected": null
      },
      {
        "turn_number": 10,
        "timestamp": "2025-03-06T03:19:59.728103Z",
        "speaker": "Customer",
        "text": "That sounds good. Let's go ahead with that one.",
        "intent_detected": {
          "intent_name": "Overlapping Account Merger",
          "confidence_score": 0.8570344557214914
        }
      },
      {
        "turn_number": 11,
        "timestamp": "2025-03-06T03:20:06.728103Z",
        "speaker": "Chatbot",
        "text": "Excellent choice! To proceed with the upgrade, I'll need to verify your account details. Can you please provide your account number or the phone number associated with your account?",
        "intent_detected": null
      },
      {
        "turn_number": 12,
        "timestamp": "2025-03-06T03:20:22.728103Z",
        "speaker": "Customer",
        "text": "Sure, it's 123-456-7890.",
        "intent_detected": {
          "intent_name": "Upgrade Request",
          "confidence_score": 0.7439589455607636
        }
      },
      {
        "turn_number": 13,
        "timestamp": "2025-03-06T03:20:30.728103Z",
        "speaker": "Chatbot",
        "text": "Thank you. Let me pull up your account... Just a moment, please.",
        "intent_detected": null
      },
      {
        "turn_number": 14,
        "timestamp": "2025-03-06T03:20:38.728103Z",
        "speaker": "Chatbot",
        "text": "I apologize for the delay. It seems there's a slight issue accessing your account details at the moment. I'll need to connect you with one of our human agents to complete the upgrade. Would that be alright?",
        "intent_detected": null
      },
      {
        "turn_number": 15,
        "timestamp": "2025-03-06T03:20:46.728103Z",
        "speaker": "Customer",
        "text": "Okay, that's fine.",
        "intent_detected": {
          "intent_name": "Payment Arrangement",
          "confidence_score": 0.864456612175927
        }
      },
      {
        "turn_number": 16,
        "timestamp": "2025-03-06T03:21:03.728103Z",
        "speaker": "Chatbot",
        "text": "Thank you for your patience. I'm now transferring you to a representative who can assist you further. Please hold the line.",
        "intent_detected": null
      },
      {
        "turn_number": 17,
        "timestamp": "2025-03-06T03:21:21.728103Z",
        "speaker": "Chatbot",
        "text": "I apologize, but it seems there's a longer wait time than usual. If you prefer, you can visit our website or use the Spectrum app to manage your account and make changes. Is there anything else I can assist you with?",
        "intent_detected": null
      },
      {
        "turn_number": 18,
        "timestamp": "2025-03-06T03:21:38.728103Z",
        "speaker": "Customer",
        "text": "No, that's all for now.",
        "intent_detected": {
          "intent_name": "Account Information Update",
          "confidence_score": 0.8530043519243306
        }
      },
      {
        "turn_number": 19,
        "timestamp": "2025-03-06T03:21:48.728103Z",
        "speaker": "Chatbot",
        "text": "Thank you for your understanding. If you need further assistance, please don't hesitate to reach out again. Have a great day!",
        "intent_detected": null
      }
    ],
    "initial_intent": "Upgrade Request",
    "resolution_status": "Abandoned",
    "escalation_flag": true,
    "customer_sentiment": "Neutral",
    "system_error_flag": false,
    "ivr_outcome_code": "UPGRADE-REQUEST",
    "topic_type": "Common",
    "topic_name": "Upgrade Request"
  },
  {
    "session_id": "IVR-20250306-75352",
    "customer_id": "CUST_665056",
    "call_start_time": "2024-03-01T19:59:19",
    "call_end_time": "2024-03-01T20:08:11",
    "call_duration_sec": 532,
    "conversation": [
      {
        "turn_number": 1,
        "timestamp": "2025-03-06T03:18:13.043752Z",
        "speaker": "Chatbot",
        "text": "Hello! Thank you for calling Spectrum customer service. How can I assist you today?",
        "intent_detected": null
      },
      {
        "turn_number": 2,
        "timestamp": "2025-03-06T03:18:33.043752Z",
        "speaker": "Customer",
        "text": "Hi there! I\u2019m currently overseas and I'm having trouble with my international roaming. It\u2019s not working as expected, and I really need to get it sorted out.",
        "intent_detected": {
          "intent_name": "Technical Issue",
          "confidence_score": 0.9107819713195532
        }
      },
      {
        "turn_number": 3,
        "timestamp": "2025-03-06T03:18:38.043752Z",
        "speaker": "Chatbot",
        "text": "I\u2019m sorry to hear that you\u2019re experiencing issues with your international roaming. Let\u2019s see what we can do to get this resolved for you. Can you please verify your account by providing the last four digits of your account number?",
        "intent_detected": null
      },
      {
        "turn_number": 4,
        "timestamp": "2025-03-06T03:18:46.043752Z",
        "speaker": "Customer",
        "text": "Sure, it\u2019s 1234.",
        "intent_detected": {
          "intent_name": "Payment Arrangement",
          "confidence_score": 0.8426430374398923
        }
      },
      {
        "turn_number": 5,
        "timestamp": "2025-03-06T03:19:05.043752Z",
        "speaker": "Chatbot",
        "text": "Thank you for verifying your account. I see that your international roaming service is active, but there might be a setting that needs adjusting. Please make sure that your phone's roaming setting is turned on. You can usually find this in your phone's settings under 'Cellular' or 'Mobile Data.'",
        "intent_detected": null
      },
      {
        "turn_number": 6,
        "timestamp": "2025-03-06T03:19:16.043752Z",
        "speaker": "Customer",
        "text": "Oh, I hadn\u2019t thought to check that. Let me take a look. Yes, it seems like the roaming setting was turned off. I\u2019ve switched it on now.",
        "intent_detected": {
          "intent_name": "Account Information Update",
          "confidence_score": 0.7614482461716834
        }
      },
      {
        "turn_number": 7,
        "timestamp": "2025-03-06T03:19:35.043752Z",
        "speaker": "Chatbot",
        "text": "Great! That should help. To make sure everything is working perfectly, can you try restarting your phone? This often helps in syncing the new settings properly.",
        "intent_detected": null
      },
      {
        "turn_number": 8,
        "timestamp": "2025-03-06T03:19:43.043752Z",
        "speaker": "Customer",
        "text": "Alright, I\u2019ll do that now. *pause* Okay, my phone is back on, and it looks like I\u2019m now connected to a local network. I can make calls and use data. Thanks so much for your help!",
        "intent_detected": {
          "intent_name": "Technical Issue",
          "confidence_score": 0.7393204576931869
        }
      },
      {
        "turn_number": 9,
        "timestamp": "2025-03-06T03:19:50.043752Z",
        "speaker": "Chatbot",
        "text": "I\u2019m glad to hear that everything is working now! Is there anything else I can assist you with?",
        "intent_detected": null
      },
      {
        "turn_number": 10,
        "timestamp": "2025-03-06T03:19:56.043752Z",
        "speaker": "Customer",
        "text": "No, that\u2019s all I needed. Thanks again for your help!",
        "intent_detected": {
          "intent_name": "Bundle & Promotion Inquiry",
          "confidence_score": 0.7676899989450472
        }
      },
      {
        "turn_number": 11,
        "timestamp": "2025-03-06T03:20:03.043752Z",
        "speaker": "Chatbot",
        "text": "You\u2019re welcome! Thank you for choosing Spectrum. Have a great day and enjoy your travels!",
        "intent_detected": null
      }
    ],
    "initial_intent": "International Roaming Error",
    "resolution_status": "Resolved",
    "escalation_flag": false,
    "customer_sentiment": "Positive",
    "system_error_flag": false,
    "ivr_outcome_code": "INTERNATIONAL-ROAMING-ERROR",
    "topic_type": "Edge-Case",
    "topic_name": "International Roaming Error"
  },
  {
    "session_id": "IVR-20250306-39340",
    "customer_id": "CUST_102831",
    "call_start_time": "2024-03-25T06:43:44",
    "call_end_time": "2024-03-25T06:49:10",
    "call_duration_sec": 326,
    "conversation": [
      {
        "turn_number": 1,
        "timestamp": "2025-03-06T03:18:13.449143Z",
        "speaker": "Chatbot",
        "text": "Welcome to Spectrum customer service. How can I assist you today?",
        "intent_detected": null
      },
      {
        "turn_number": 2,
        "timestamp": "2025-03-06T03:18:28.449143Z",
        "speaker": "Customer",
        "text": "Hi, I'm having trouble with my internet connection. It keeps dropping intermittently.",
        "intent_detected": {
          "intent_name": "Technical Issue",
          "confidence_score": 0.97020458957827
        }
      },
      {
        "turn_number": 3,
        "timestamp": "2025-03-06T03:18:39.449143Z",
        "speaker": "Chatbot",
        "text": "I'm sorry to hear that you're experiencing connection issues. Let's work together to resolve this. Can I have your account number or the phone number associated with your account?",
        "intent_detected": null
      },
      {
        "turn_number": 4,
        "timestamp": "2025-03-06T03:18:57.449143Z",
        "speaker": "Customer",
        "text": "Sure, my phone number is 555-123-4567.",
        "intent_detected": {
          "intent_name": "Payment Arrangement",
          "confidence_score": 0.8406505104272435
        }
      },
      {
        "turn_number": 5,
        "timestamp": "2025-03-06T03:19:05.449143Z",
        "speaker": "Chatbot",
        "text": "Thank you. Let me check your connection status... [pause] I see there is a minor disruption in your area. Let's try resetting your modem to see if that helps. Can you please unplug the power cord from your modem, wait for 10 seconds, and then plug it back in?",
        "intent_detected": null
      },
      {
        "turn_number": 6,
        "timestamp": "2025-03-06T03:19:11.449143Z",
        "speaker": "Customer",
        "text": "Okay, I've done that.",
        "intent_detected": {
          "intent_name": "Payment Arrangement",
          "confidence_score": 0.9046923598396663
        }
      },
      {
        "turn_number": 7,
        "timestamp": "2025-03-06T03:19:28.449143Z",
        "speaker": "Chatbot",
        "text": "Great! It may take a couple of minutes for your modem to fully restart. While we're waiting, is there anything else you'd like to know?",
        "intent_detected": null
      },
      {
        "turn_number": 8,
        "timestamp": "2025-03-06T03:19:48.449143Z",
        "speaker": "Customer",
        "text": "No, that's all for now. I'm just hoping this will fix the issue.",
        "intent_detected": {
          "intent_name": "Technical Issue",
          "confidence_score": 0.8558563513831634
        }
      },
      {
        "turn_number": 9,
        "timestamp": "2025-03-06T03:20:06.449143Z",
        "speaker": "Chatbot",
        "text": "Understood. Let's give it a moment... [pause] Hmm, it seems there was an error in processing your request. Let me try that again. Please bear with me for a moment.",
        "intent_detected": null
      },
      {
        "turn_number": 10,
        "timestamp": "2025-03-06T03:20:17.449143Z",
        "speaker": "Customer",
        "text": "No problem.",
        "intent_detected": {
          "intent_name": "Technical Issue",
          "confidence_score": 0.7067771037271435
        }
      },
      {
        "turn_number": 11,
        "timestamp": "2025-03-06T03:20:36.449143Z",
        "speaker": "Chatbot",
        "text": "Thank you for your patience. I've successfully reset your modem from our end. Could you please check if your internet connection is stable now?",
        "intent_detected": null
      },
      {
        "turn_number": 12,
        "timestamp": "2025-03-06T03:20:53.449143Z",
        "speaker": "Customer",
        "text": "Yes, it seems to be working fine now. The connection is stable.",
        "intent_detected": {
          "intent_name": "Technical Issue",
          "confidence_score": 0.9608292722761604
        }
      },
      {
        "turn_number": 13,
        "timestamp": "2025-03-06T03:21:06.449143Z",
        "speaker": "Chatbot",
        "text": "I'm glad to hear that your issue has been resolved. If you encounter any more problems, feel free to reach out. Is there anything else I can help you with today?",
        "intent_detected": null
      },
      {
        "turn_number": 14,
        "timestamp": "2025-03-06T03:21:22.449143Z",
        "speaker": "Customer",
        "text": "No, that's all. Thanks for the assistance.",
        "intent_detected": {
          "intent_name": "Overlapping Account Merger",
          "confidence_score": 0.8535060336056605
        }
      },
      {
        "turn_number": 15,
        "timestamp": "2025-03-06T03:21:39.449143Z",
        "speaker": "Chatbot",
        "text": "You're welcome! Thank you for choosing Spectrum. Have a great day!",
        "intent_detected": null
      }
    ],
    "initial_intent": "Technical Issue",
    "resolution_status": "Resolved",
    "escalation_flag": false,
    "customer_sentiment": "Neutral",
    "system_error_flag": true,
    "ivr_outcome_code": "TECHNICAL-ISSUE",
    "topic_type": "Common",
    "topic_name": "Technical Issue"
  },
  {
    "session_id": "IVR-20250306-71001",
    "customer_id": "CUST_927604",
    "call_start_time": "2024-03-30T19:16:31",
    "call_end_time": "2024-03-30T19:29:05",
    "call_duration_sec": 754,
    "conversation": [
      {
        "turn_number": 1,
        "timestamp": "2025-03-06T03:18:22.292141Z",
        "speaker": "Chatbot",
        "text": "Hello, and thank you for calling Spectrum customer service. How can I assist you today?",
        "intent_detected": null
      },
      {
        "turn_number": 2,
        "timestamp": "2025-03-06T03:18:27.292141Z",
        "speaker": "Customer",
        "text": "Hi there! I received a Suspicious Activity Alert regarding my account, and I'd like to get some more information about it.",
        "intent_detected": {
          "intent_name": "Upgrade Request",
          "confidence_score": 0.8283947654975935
        }
      },
      {
        "turn_number": 3,
        "timestamp": "2025-03-06T03:18:37.292141Z",
        "speaker": "Chatbot",
        "text": "I understand your concern. Let me help you with that. Could you please provide the phone number associated with your Spectrum account?",
        "intent_detected": null
      },
      {
        "turn_number": 4,
        "timestamp": "2025-03-06T03:18:43.292141Z",
        "speaker": "Customer",
        "text": "Sure, it's 555-123-4567.",
        "intent_detected": {
          "intent_name": "International Roaming Error",
          "confidence_score": 0.8299266746802506
        }
      },
      {
        "turn_number": 5,
        "timestamp": "2025-03-06T03:19:01.292141Z",
        "speaker": "Chatbot",
        "text": "Thank you for providing your number. One moment while I access your account details. [pause] It looks like there was a login attempt from an unrecognized device. However, don't worry\u2014it's been blocked for your security.",
        "intent_detected": null
      },
      {
        "turn_number": 6,
        "timestamp": "2025-03-06T03:19:07.292141Z",
        "speaker": "Customer",
        "text": "Oh, that's a relief! I was worried it might be something serious.",
        "intent_detected": {
          "intent_name": "Billing Inquiry",
          "confidence_score": 0.7693801729154433
        }
      },
      {
        "turn_number": 7,
        "timestamp": "2025-03-06T03:19:13.292141Z",
        "speaker": "Chatbot",
        "text": "I completely understand. Your security is our top priority. I've sent a link to your registered email where you can review the activity and update your password if you feel it's necessary.",
        "intent_detected": null
      },
      {
        "turn_number": 8,
        "timestamp": "2025-03-06T03:19:30.292141Z",
        "speaker": "Customer",
        "text": "Great! I appreciate how efficiently this was handled. Is there anything else I need to do?",
        "intent_detected": {
          "intent_name": "Payment Arrangement",
          "confidence_score": 0.7700532031606029
        }
      },
      {
        "turn_number": 9,
        "timestamp": "2025-03-06T03:19:47.292141Z",
        "speaker": "Chatbot",
        "text": "No further action is needed unless you notice any unusual activity. If you do, don't hesitate to reach out to us. Is there anything else I can help you with today?",
        "intent_detected": null
      },
      {
        "turn_number": 10,
        "timestamp": "2025-03-06T03:20:07.292141Z",
        "speaker": "Customer",
        "text": "That's all for now. Thanks for the quick resolution!",
        "intent_detected": {
          "intent_name": "Service Outage",
          "confidence_score": 0.8805109717226277
        }
      },
      {
        "turn_number": 11,
        "timestamp": "2025-03-06T03:20:23.292141Z",
        "speaker": "Chatbot",
        "text": "You're welcome! Thank you for choosing Spectrum. Have a wonderful day!",
        "intent_detected": null
      },
      {
        "turn_number": 12,
        "timestamp": "2025-03-06T03:20:31.292141Z",
        "speaker": "Customer",
        "text": "You too, bye!",
        "intent_detected": {
          "intent_name": "General Question",
          "confidence_score": 0.7797757633371157
        }
      }
    ],
    "initial_intent": "Suspicious Activity Alert",
    "resolution_status": "Resolved",
    "escalation_flag": false,
    "customer_sentiment": "Positive",
    "system_error_flag": false,
    "ivr_outcome_code": "SUSPICIOUS-ACTIVITY-ALERT",
    "topic_type": "Edge-Case",
    "topic_name": "Suspicious Activity Alert"
  },
  {
    "session_id": "IVR-20250306-34131",
    "customer_id": "CUST_991190",
    "call_start_time": "2024-03-14T21:58:52",
    "call_end_time": "2024-03-14T22:07:34",
    "call_duration_sec": 522,
    "conversation": [
      {
        "turn_number": 1,
        "timestamp": "2025-03-06T03:18:35.571168Z",
        "speaker": "Chatbot",
        "text": "Thank you for calling Spectrum Customer Service. How can I assist you today?",
        "intent_detected": null
      },
      {
        "turn_number": 2,
        "timestamp": "2025-03-06T03:18:42.571168Z",
        "speaker": "Customer",
        "text": "I'm extremely frustrated right now. My internet has been down for hours, and this service outage is completely unacceptable.",
        "intent_detected": {
          "intent_name": "Technical Issue",
          "confidence_score": 0.7303884870468638
        }
      },
      {
        "turn_number": 3,
        "timestamp": "2025-03-06T03:18:49.571168Z",
        "speaker": "Chatbot",
        "text": "I apologize for the inconvenience you're experiencing. Let me check if there are any known outages in your area. Could you please provide your ZIP code?",
        "intent_detected": null
      },
      {
        "turn_number": 4,
        "timestamp": "2025-03-06T03:18:54.571168Z",
        "speaker": "Customer",
        "text": "It's 90210, but honestly, I don't think this should be happening this often. It's really impacting my work.",
        "intent_detected": {
          "intent_name": "Billing Inquiry",
          "confidence_score": 0.8397352615419302
        }
      },
      {
        "turn_number": 5,
        "timestamp": "2025-03-06T03:19:05.571168Z",
        "speaker": "Chatbot",
        "text": "I understand your frustration, and I assure you that we are committed to resolving your issue as soon as possible. There is indeed a service outage reported in your area, and our team is actively working to fix it.",
        "intent_detected": null
      },
      {
        "turn_number": 6,
        "timestamp": "2025-03-06T03:19:20.571168Z",
        "speaker": "Customer",
        "text": "This isn't the first time, and I'm getting really tired of these disruptions. What are you going to do to fix this?",
        "intent_detected": {
          "intent_name": "Technical Issue",
          "confidence_score": 0.7985951002168709
        }
      },
      {
        "turn_number": 7,
        "timestamp": "2025-03-06T03:19:40.571168Z",
        "speaker": "Chatbot",
        "text": "I apologize for the repeated inconvenience. I will escalate your issue to a human agent who can provide further assistance and discuss any possible compensation for the downtime. Please hold while I connect you.",
        "intent_detected": null
      },
      {
        "turn_number": 8,
        "timestamp": "2025-03-06T03:19:56.571168Z",
        "speaker": "Customer",
        "text": "Alright, but make it quick. I need this resolved immediately.",
        "intent_detected": {
          "intent_name": "Physical Line Damage",
          "confidence_score": 0.8108707139519578
        }
      },
      {
        "turn_number": 9,
        "timestamp": "2025-03-06T03:20:13.571168Z",
        "speaker": "Chatbot",
        "text": "Thank you for your patience. I am transferring you to a customer service representative now. Please hold.",
        "intent_detected": null
      },
      {
        "turn_number": 10,
        "timestamp": "2025-03-06T03:20:34.571168Z",
        "speaker": "Chatbot",
        "text": "Thank you for choosing Spectrum. Goodbye!",
        "intent_detected": null
      }
    ],
    "initial_intent": "Service Outage",
    "resolution_status": "Escalated",
    "escalation_flag": true,
    "customer_sentiment": "Negative",
    "system_error_flag": false,
    "ivr_outcome_code": "SERVICE-OUTAGE",
    "topic_type": "Common",
    "topic_name": "Service Outage"
  },
  {
    "session_id": "IVR-20250306-24435",
    "customer_id": "CUST_572201",
    "call_start_time": "2024-03-02T19:11:26",
    "call_end_time": "2024-03-02T19:26:10",
    "call_duration_sec": 884,
    "conversation": [
      {
        "turn_number": 1,
        "timestamp": "2025-03-06T03:18:39.857460Z",
        "speaker": "Chatbot",
        "text": "Thank you for calling Spectrum Customer Service. How can I assist you today?",
        "intent_detected": null
      },
      {
        "turn_number": 2,
        "timestamp": "2025-03-06T03:18:49.857460Z",
        "speaker": "Customer",
        "text": "Hi, I\u2019d like to cancel my Spectrum service.",
        "intent_detected": {
          "intent_name": "Cancellation Request",
          "confidence_score": 0.8271500449368908
        }
      },
      {
        "turn_number": 3,
        "timestamp": "2025-03-06T03:19:08.857460Z",
        "speaker": "Chatbot",
        "text": "I understand you wish to cancel your service. I'm here to help with that. May I know the reason for your cancellation to ensure we assist you better going forward?",
        "intent_detected": null
      },
      {
        "turn_number": 4,
        "timestamp": "2025-03-06T03:19:28.857460Z",
        "speaker": "Customer",
        "text": "Sure, I've recently moved to an area where Spectrum isn't available, so I need to cancel.",
        "intent_detected": {
          "intent_name": "Technical Issue",
          "confidence_score": 0.8470445772184612
        }
      },
      {
        "turn_number": 5,
        "timestamp": "2025-03-06T03:19:45.857460Z",
        "speaker": "Chatbot",
        "text": "Thank you for sharing that information. I can help you proceed with your cancellation. Before we continue, may I have the account number or the phone number associated with your account?",
        "intent_detected": null
      },
      {
        "turn_number": 6,
        "timestamp": "2025-03-06T03:20:05.857460Z",
        "speaker": "Customer",
        "text": "The phone number is 555-123-4567.",
        "intent_detected": {
          "intent_name": "Technical Issue",
          "confidence_score": 0.9061022058724076
        }
      },
      {
        "turn_number": 7,
        "timestamp": "2025-03-06T03:20:10.857460Z",
        "speaker": "Chatbot",
        "text": "Thank you. Please hold on for a moment while I locate your account details. [Pause] Great, I\u2019ve found your account. Just to confirm, you want to cancel all services associated with this account, correct?",
        "intent_detected": null
      },
      {
        "turn_number": 8,
        "timestamp": "2025-03-06T03:20:29.857460Z",
        "speaker": "Customer",
        "text": "Yes, that's correct.",
        "intent_detected": {
          "intent_name": "Upgrade Request",
          "confidence_score": 0.7928247769831088
        }
      },
      {
        "turn_number": 9,
        "timestamp": "2025-03-06T03:20:35.857460Z",
        "speaker": "Chatbot",
        "text": "Understood. Your cancellation request has been processed, and your services will be discontinued at the end of your current billing cycle. You will receive a confirmation email shortly. Is there anything else I can assist you with today?",
        "intent_detected": null
      },
      {
        "turn_number": 10,
        "timestamp": "2025-03-06T03:20:41.857460Z",
        "speaker": "Customer",
        "text": "No, that's all. Thanks for your help.",
        "intent_detected": {
          "intent_name": "Service Outage",
          "confidence_score": 0.9891133294800445
        }
      },
      {
        "turn_number": 11,
        "timestamp": "2025-03-06T03:20:46.857460Z",
        "speaker": "Chatbot",
        "text": "You're welcome! Thank you for being a Spectrum customer. If you ever move back to an area where we are available, we would be happy to serve you again. Have a great day!",
        "intent_detected": null
      },
      {
        "turn_number": 12,
        "timestamp": "2025-03-06T03:20:53.857460Z",
        "speaker": "Customer",
        "text": "Thanks, you too. Goodbye.",
        "intent_detected": {
          "intent_name": "Upgrade Request",
          "confidence_score": 0.798156393281962
        }
      },
      {
        "turn_number": 13,
        "timestamp": "2025-03-06T03:21:07.857460Z",
        "speaker": "Chatbot",
        "text": "Goodbye!",
        "intent_detected": null
      }
    ],
    "initial_intent": "Cancellation Request",
    "resolution_status": "Resolved",
    "escalation_flag": false,
    "customer_sentiment": "Neutral",
    "system_error_flag": false,
    "ivr_outcome_code": "CANCELLATION-REQUEST",
    "topic_type": "Common",
    "topic_name": "Cancellation Request"
  },
  {
    "session_id": "IVR-20250306-59729",
    "customer_id": "CUST_315993",
    "call_start_time": "2024-03-03T05:26:53",
    "call_end_time": "2024-03-03T05:40:51",
    "call_duration_sec": 838,
    "conversation": [
      {
        "turn_number": 1,
        "timestamp": "2025-03-06T03:18:45.255590Z",
        "speaker": "Chatbot",
        "text": "Hello! Thank you for calling Spectrum Customer Service. How can I assist you today?",
        "intent_detected": null
      },
      {
        "turn_number": 2,
        "timestamp": "2025-03-06T03:18:56.255590Z",
        "speaker": "Customer",
        "text": "Hi, I'm really frustrated right now. My internet has been down for hours and nothing seems to be working. I've tried rebooting the modem multiple times, and it's still not connecting.",
        "intent_detected": {
          "intent_name": "Technical Issue",
          "confidence_score": 0.8464330865929497
        }
      },
      {
        "turn_number": 3,
        "timestamp": "2025-03-06T03:19:11.255590Z",
        "speaker": "Chatbot",
        "text": "I'm sorry to hear that you're having trouble with your internet connection. Let's see what we can do to fix this. Can you confirm if all the cables are securely connected?",
        "intent_detected": null
      },
      {
        "turn_number": 4,
        "timestamp": "2025-03-06T03:19:22.255590Z",
        "speaker": "Customer",
        "text": "Yes, I've checked all the cables, and everything is connected properly. I'm getting really fed up with this issue.",
        "intent_detected": {
          "intent_name": "Technical Issue",
          "confidence_score": 0.7119822496876037
        }
      },
      {
        "turn_number": 5,
        "timestamp": "2025-03-06T03:19:30.255590Z",
        "speaker": "Chatbot",
        "text": "I understand how frustrating that can be. Let me run a quick diagnostic test on your connection. This will only take a moment.",
        "intent_detected": null
      },
      {
        "turn_number": 6,
        "timestamp": "2025-03-06T03:19:35.255590Z",
        "speaker": "Customer",
        "text": "Alright, but I really hope this gets sorted out soon. It's been a long day.",
        "intent_detected": {
          "intent_name": "Extreme Weather Failure",
          "confidence_score": 0.7577844740712787
        }
      },
      {
        "turn_number": 7,
        "timestamp": "2025-03-06T03:19:48.255590Z",
        "speaker": "Chatbot",
        "text": "Thank you for your patience. It looks like there might be an issue with your modem's signal. Unfortunately, I am unable to resolve this issue from my end. I\u2019ll need to escalate this to a human agent who can better assist you. Please hold while I transfer you.",
        "intent_detected": null
      },
      {
        "turn_number": 8,
        "timestamp": "2025-03-06T03:19:55.255590Z",
        "speaker": "Customer",
        "text": "Okay, but this is really inconvenient. I can't wait too long; I have work to do.",
        "intent_detected": {
          "intent_name": "Cancellation Request",
          "confidence_score": 0.7645982625289521
        }
      },
      {
        "turn_number": 9,
        "timestamp": "2025-03-06T03:20:03.255590Z",
        "speaker": "Chatbot",
        "text": "I apologize for the inconvenience. Please hold for just a moment while I connect you to a representative.",
        "intent_detected": null
      },
      {
        "turn_number": 10,
        "timestamp": "2025-03-06T03:20:39.255590Z",
        "speaker": "Chatbot",
        "text": "Thank you for your patience. Our agents are currently experiencing high call volumes. Please continue to hold, or you can visit our support website for further assistance.",
        "intent_detected": null
      },
      {
        "turn_number": 11,
        "timestamp": "2025-03-06T03:20:56.255590Z",
        "speaker": "Customer",
        "text": "This is ridiculous. I've been waiting forever. I don't have time for this anymore.",
        "intent_detected": {
          "intent_name": "Upgrade Request",
          "confidence_score": 0.9255649952752433
        }
      },
      {
        "turn_number": 12,
        "timestamp": "2025-03-06T03:21:29.255590Z",
        "speaker": "Chatbot",
        "text": "It seems the call has been disconnected. We apologize for the inconvenience. Please contact us again if you need further assistance. Thank you for choosing Spectrum.",
        "intent_detected": null
      }
    ],
    "initial_intent": "Technical Issue",
    "resolution_status": "Abandoned",
    "escalation_flag": true,
    "customer_sentiment": "Negative",
    "system_error_flag": false,
    "ivr_outcome_code": "TECHNICAL-ISSUE",
    "topic_type": "Common",
    "topic_name": "Technical Issue"
  },
  {
    "session_id": "IVR-20250306-75997",
    "customer_id": "CUST_644689",
    "call_start_time": "2024-03-02T18:46:23",
    "call_end_time": "2024-03-02T18:52:55",
    "call_duration_sec": 392,
    "conversation": [
      {
        "turn_number": 1,
        "timestamp": "2025-03-06T03:18:54.345850Z",
        "speaker": "Chatbot",
        "text": "Thank you for calling Spectrum Customer Service. My name is Ava, your virtual assistant. How can I assist you today?",
        "intent_detected": null
      },
      {
        "turn_number": 2,
        "timestamp": "2025-03-06T03:19:12.345850Z",
        "speaker": "Customer",
        "text": "Hi, I'm really frustrated because my internet service is completely out and it's been like this for hours. I need this fixed immediately!",
        "intent_detected": {
          "intent_name": "Technical Issue",
          "confidence_score": 0.8757020983131303
        }
      },
      {
        "turn_number": 3,
        "timestamp": "2025-03-06T03:19:23.345850Z",
        "speaker": "Chatbot",
        "text": "I\u2019m sorry to hear about the inconvenience. Let me check if there is a service outage in your area. Can I have your ZIP code, please?",
        "intent_detected": null
      },
      {
        "turn_number": 4,
        "timestamp": "2025-03-06T03:19:35.345850Z",
        "speaker": "Customer",
        "text": "It's 90210.",
        "intent_detected": {
          "intent_name": "Billing Inquiry",
          "confidence_score": 0.7972089675700721
        }
      },
      {
        "turn_number": 5,
        "timestamp": "2025-03-06T03:19:53.345850Z",
        "speaker": "Chatbot",
        "text": "Thank you. Please hold on while I check the status of service in your area.",
        "intent_detected": null
      },
      {
        "turn_number": 6,
        "timestamp": "2025-03-06T03:20:19.345850Z",
        "speaker": "Chatbot",
        "text": "I\u2019ve checked the service status for ZIP code 90210, and there is indeed a known outage affecting your area. Our technicians are actively working to resolve the issue. Service is expected to be restored within the next hour.",
        "intent_detected": null
      },
      {
        "turn_number": 7,
        "timestamp": "2025-03-06T03:20:32.345850Z",
        "speaker": "Customer",
        "text": "This is really frustrating. I have work deadlines to meet, and this outage is making things very difficult.",
        "intent_detected": {
          "intent_name": "Technical Issue",
          "confidence_score": 0.9173654939232075
        }
      },
      {
        "turn_number": 8,
        "timestamp": "2025-03-06T03:20:43.345850Z",
        "speaker": "Chatbot",
        "text": "I understand how important it is to have reliable internet, especially when you have deadlines. I sincerely apologize for the disruption. Our team is prioritizing the resolution of this issue.",
        "intent_detected": null
      },
      {
        "turn_number": 9,
        "timestamp": "2025-03-06T03:20:54.345850Z",
        "speaker": "Customer",
        "text": "I hope it gets fixed soon. I can't afford any more downtime.",
        "intent_detected": {
          "intent_name": "Technical Issue",
          "confidence_score": 0.9700902073552142
        }
      },
      {
        "turn_number": 10,
        "timestamp": "2025-03-06T03:21:12.345850Z",
        "speaker": "Chatbot",
        "text": "We appreciate your patience and understanding. As a token of our apology, I\u2019ve applied a credit to your account for the inconvenience caused by the outage.",
        "intent_detected": null
      },
      {
        "turn_number": 11,
        "timestamp": "2025-03-06T03:21:28.345850Z",
        "speaker": "Customer",
        "text": "Well, that\u2019s something at least. Thank you for the credit.",
        "intent_detected": {
          "intent_name": "Billing Inquiry",
          "confidence_score": 0.8404153056381353
        }
      },
      {
        "turn_number": 12,
        "timestamp": "2025-03-06T03:21:46.345850Z",
        "speaker": "Chatbot",
        "text": "You\u2019re welcome. Is there anything else I can assist you with today?",
        "intent_detected": null
      },
      {
        "turn_number": 13,
        "timestamp": "2025-03-06T03:22:06.345850Z",
        "speaker": "Customer",
        "text": "No, that\u2019s all. I just hope the service is back soon.",
        "intent_detected": {
          "intent_name": "Physical Line Damage",
          "confidence_score": 0.7846926731442624
        }
      },
      {
        "turn_number": 14,
        "timestamp": "2025-03-06T03:22:11.345850Z",
        "speaker": "Chatbot",
        "text": "We\u2019re doing our best to restore your service as quickly as possible. Thank you for your patience and for being a valued Spectrum customer. Have a great day.",
        "intent_detected": null
      },
      {
        "turn_number": 15,
        "timestamp": "2025-03-06T03:22:21.345850Z",
        "speaker": "Customer",
        "text": "Thanks. Goodbye.",
        "intent_detected": {
          "intent_name": "Physical Line Damage",
          "confidence_score": 0.9094840503014536
        }
      },
      {
        "turn_number": 16,
        "timestamp": "2025-03-06T03:22:35.345850Z",
        "speaker": "Chatbot",
        "text": "Goodbye!",
        "intent_detected": null
      }
    ],
    "initial_intent": "Service Outage",
    "resolution_status": "Resolved",
    "escalation_flag": false,
    "customer_sentiment": "Negative",
    "system_error_flag": false,
    "ivr_outcome_code": "SERVICE-OUTAGE",
    "topic_type": "Common",
    "topic_name": "Service Outage"
  },
  {
    "session_id": "IVR-20250306-56516",
    "customer_id": "CUST_923693",
    "call_start_time": "2024-03-11T21:27:42",
    "call_end_time": "2024-03-11T21:33:51",
    "call_duration_sec": 369,
    "conversation": [
      {
        "turn_number": 1,
        "timestamp": "2025-03-06T03:18:56.886913Z",
        "speaker": "Chatbot",
        "text": "Welcome to Spectrum customer service. How can I assist you today?",
        "intent_detected": null
      },
      {
        "turn_number": 2,
        "timestamp": "2025-03-06T03:19:04.886913Z",
        "speaker": "Customer",
        "text": "Hi, I'd like to cancel my service, please.",
        "intent_detected": {
          "intent_name": "Cancellation Request",
          "confidence_score": 0.8287156411446013
        }
      },
      {
        "turn_number": 3,
        "timestamp": "2025-03-06T03:19:15.886913Z",
        "speaker": "Chatbot",
        "text": "I'm sorry to hear you're considering cancellation. Can you please provide the reason for your cancellation request?",
        "intent_detected": null
      },
      {
        "turn_number": 4,
        "timestamp": "2025-03-06T03:19:24.886913Z",
        "speaker": "Customer",
        "text": "Sure! I'm moving to an area where Spectrum isn't available, so I need to cancel my current plan.",
        "intent_detected": {
          "intent_name": "Upgrade Request",
          "confidence_score": 0.9831569544877987
        }
      },
      {
        "turn_number": 5,
        "timestamp": "2025-03-06T03:19:40.886913Z",
        "speaker": "Chatbot",
        "text": "Thank you for letting us know. We can help you with that. Just to confirm, do you want to cancel all your services, or are there specific ones you'd like to terminate?",
        "intent_detected": null
      },
      {
        "turn_number": 6,
        "timestamp": "2025-03-06T03:19:50.886913Z",
        "speaker": "Customer",
        "text": "I need to cancel all my services, please.",
        "intent_detected": {
          "intent_name": "Equipment Return/Pickup",
          "confidence_score": 0.8374894811400975
        }
      },
      {
        "turn_number": 7,
        "timestamp": "2025-03-06T03:20:02.886913Z",
        "speaker": "Chatbot",
        "text": "Understood. Before proceeding, may I ask if you'd like us to notify you if Spectrum becomes available in your new area in the future?",
        "intent_detected": null
      },
      {
        "turn_number": 8,
        "timestamp": "2025-03-06T03:20:18.886913Z",
        "speaker": "Customer",
        "text": "Yes, please. That would be great!",
        "intent_detected": {
          "intent_name": "Legacy Equipment Issue",
          "confidence_score": 0.7827041907498974
        }
      },
      {
        "turn_number": 9,
        "timestamp": "2025-03-06T03:20:37.886913Z",
        "speaker": "Chatbot",
        "text": "Excellent! I'll make a note to notify you if we expand our service to your new location. Now, let's go ahead and process your cancellation. Could you please verify your account by providing your account number or the phone number associated with your account?",
        "intent_detected": null
      },
      {
        "turn_number": 10,
        "timestamp": "2025-03-06T03:20:53.886913Z",
        "speaker": "Customer",
        "text": "Of course, my account number is 123456789.",
        "intent_detected": {
          "intent_name": "Legacy Equipment Issue",
          "confidence_score": 0.9167782098081331
        }
      },
      {
        "turn_number": 11,
        "timestamp": "2025-03-06T03:20:58.886913Z",
        "speaker": "Chatbot",
        "text": "Thank you for verifying your account. I'm processing your cancellation request now. You will receive a confirmation email shortly, and your services will be active until the end of your current billing cycle.",
        "intent_detected": null
      },
      {
        "turn_number": 12,
        "timestamp": "2025-03-06T03:21:03.886913Z",
        "speaker": "Customer",
        "text": "Great, thank you! You've been very helpful.",
        "intent_detected": {
          "intent_name": "Account Information Update",
          "confidence_score": 0.743242835815195
        }
      },
      {
        "turn_number": 13,
        "timestamp": "2025-03-06T03:21:08.886913Z",
        "speaker": "Chatbot",
        "text": "You're welcome! Is there anything else I can assist you with today?",
        "intent_detected": null
      },
      {
        "turn_number": 14,
        "timestamp": "2025-03-06T03:21:18.886913Z",
        "speaker": "Customer",
        "text": "No, that's all. Thanks again for your help!",
        "intent_detected": {
          "intent_name": "Physical Line Damage",
          "confidence_score": 0.7591423915718913
        }
      },
      {
        "turn_number": 15,
        "timestamp": "2025-03-06T03:21:37.886913Z",
        "speaker": "Chatbot",
        "text": "It's been a pleasure assisting you. Have a wonderful day, and we hope to serve you again in the future. Goodbye!",
        "intent_detected": null
      }
    ],
    "initial_intent": "Cancellation Request",
    "resolution_status": "Resolved",
    "escalation_flag": false,
    "customer_sentiment": "Positive",
    "system_error_flag": false,
    "ivr_outcome_code": "CANCELLATION-REQUEST",
    "topic_type": "Common",
    "topic_name": "Cancellation Request"
  }
]